USE AirTraffic;

INSERT INTO Airport VALUES ('TOL','Toluca','1505 Boulevard Aeropuerto');
INSERT INTO Airport VALUES ('MEX','Mexico','2002 Circuito Interior');
INSERT INTO Airport VALUES ('MTY','Monterrey','S/N Carretera a Nuevo Laredo');
INSERT INTO Airport VALUES ('GDL','Guadalajara','S/N Boulevard Adolfo Lopez Mateos');

INSERT INTO Airline VALUES ('VOLAR','Volaris','TOL');
INSERT INTO Airline VALUES ('INTER','Interjet','MEX');
INSERT INTO Airline VALUES ('SPIRI','Spirit','GDL');

INSERT INTO Airplane VALUES ('A0001JBC','VOLAR','Boeing 747',1000);
INSERT INTO Airplane VALUES ('A0002JBC','VOLAR','Cessna 206',250);
INSERT INTO Airplane VALUES ('A0003JBC','VOLAR','Airbus 380',146);
INSERT INTO Airplane VALUES ('B0001JBC','INTER','Boeing 747',273);
INSERT INTO Airplane VALUES ('B0002JBC','INTER','Cessna 206',666);
INSERT INTO Airplane VALUES ('B0003JBC','INTER','Boeing 747',232);
INSERT INTO Airplane VALUES ('C0001JBC','SPIRI','Airbus 380',126);
INSERT INTO Airplane VALUES ('C0002JBC','SPIRI','Airbus 380',754);

INSERT INTO Flight VALUES (13,'ON TIME','A0003JBC','MTY','TOL','2014-04-01 15:30:00','2014-04-01 17:30:00'); -- avion3
INSERT INTO Flight VALUES (45,'ARRIVED','A0003JBC','TOL','MTY','2014-04-01 13:00:00','2014-04-01 15:00:00'); -- avion3
INSERT INTO Flight VALUES (22,'DELAYED','B0002JBC','GDL','MEX','2014-04-01 14:30_00','2014-04-01 16:30:00'); -- avion5
INSERT INTO Flight VALUES (31,'ARRIVED','B0001JBC','MEX','MTY','2014-04-01 11:00:00','2014-04-01 14:00:00'); -- avion4
INSERT INTO Flight VALUES (53,'FLYING' ,'B0001JBC','MTY','MEX','2014-04-01 13:15:00','2014-04-01 16:15:00'); -- avion4
INSERT INTO Flight VALUES (62,'DELAYED','B0003JBC','GDL','MTY','2014-04-01 14:30:00','2014-04-01 18:00:00'); -- avion6
INSERT INTO Flight VALUES (75,'DELAYED','C0001JBC','GDL','TOL','2014-04-01 14:45:00','2014-04-01 17:30:00'); -- avion7
INSERT INTO Flight VALUES (88,'DELAYED','C0002JBC','MTY','GDL','2014-04-01 14:55:00','2014-04-01 18:20:00'); -- avion8
INSERT INTO Flight VALUES (94,'ARRIVED','A0002JBC','GDL','MEX','2014-04-01 11:30:00','2014-04-01 14:00:00'); -- avion2
INSERT INTO Flight VALUES (105,'ARRIVED','A0001JBC','MEX','TOL','2014-04-01 10:00:00','2014-04-01 12:00:00'); -- avion1
INSERT INTO Flight VALUES (114,'FLYING','A0002JBC','MEX','GDL','2014-04-01 13:45:00','2014-04-01 16:00:00'); -- avion2
INSERT INTO Flight VALUES (1212,'FLYING','A0001JBC','TOL','MEX','2014-04-01 13:30:00','2014-04-01 15:30:00'); -- avion1